{"cameraMode":{"drawMode":0,"name":"Shaded","section":"Shading Mode"},"sceneLighting":true,"audioPlay":false,"sceneViewState":{"showFog":true,"showMaterialUpdate":false,"showSkybox":true,"showFlares":true,"showImageEffects":true,"showParticleSystems":true,"showVisualEffectGraphs":true,"m_FxEnabled":true},"in2DMode":false,"pivot":{"x":37.32971954345703,"y":-3.2874245643615724,"z":27.760953903198243},"rotation":{"x":0.21636924147605897,"y":-0.27363908290863039,"z":0.06332067400217056,"w":0.9350320100784302},"size":6.111331939697266,"orthographic":false}